orgnr;navn;ansatte;har_regnskap;valuta;regnskapsregler;smaaForetak;avviklingsregnskap;kalenderaar;periode_slutt;sumDriftsinntekter;driftsresultat;sumEiendeler;aar_tilgjengelig;sammenlignbar
996941566;BRANDSAFE AS;5;True;NOK;regnskapslovenAlminneligRegler;True;False;True;2025-12-31;6012279;441290;2805715;15;True
991051228;LABRADOR CMS AS;30;True;NOK;regnskapslovenAlminneligRegler;True;False;True;2025-12-31;38154356;-4146764;25069560;15;True
924404817;FOURPRO SOLUTIONS AS;9;True;NOK;regnskapslovenAlminneligRegler;True;False;True;2025-12-31;14309022;-3685742;5071550;6;True
976570626;HOBERG & VESTRHEIM AS;8;True;NOK;regnskapslovenAlminneligRegler;True;False;True;2024-12-31;6610872;1032429;6329233;14;True
911586738;CODELAB BERGEN AS;5;True;NOK;regnskapslovenAlminneligRegler;True;False;True;2025-12-31;2573075;-141595;2921046;13;True
935325609;VISMA AMILI AS;53;True;NOK;regnskapslovenAlminneligRegler;True;False;True;2025-12-31;135691884;1997211;43235898;1;True
979775377;MYNEWSDESK AS;6;True;NOK;regnskapslovenAlminneligRegler;True;False;True;2025-12-31;11652286;1036446;10386340;15;True
924812699;FRONTLINE POS AS;23;True;NOK;regnskapslovenAlminneligRegler;True;False;True;2025-12-31;39668352;265619;21489659;6;True
874350672;PROWEB AS;8;True;NOK;regnskapslovenAlminneligRegler;True;False;True;2025-12-31;15885698;3110508;7484345;15;True
925676756;UNLISTED AS;8;True;NOK;regnskapslovenAlminneligRegler;True;False;True;2025-12-31;2168960;-6523229;32697666;6;True
925906093;LIFLIG AS;25;True;NOK;regnskapslovenAlminneligRegler;True;False;True;2025-12-31;50570467;1762003;13303095;6;True
926009966;KRAVIA SOLUTIONS AS;10;True;NOK;regnskapslovenAlminneligRegler;True;False;True;2025-12-31;16139525;-805613;41112009;6;True
816202612;LOYCO AS;11;True;NOK;regnskapslovenAlminneligRegler;True;False;True;2025-12-31;14983743;227652;43969541;11;True
918026827;VIC.AI AS;10;True;NOK;regnskapslovenAlminneligRegler;True;False;True;2025-12-31;20308810;614704;23245641;9;True
987307749;SQUAREHEAD TECHNOLOGY AS;80;True;NOK;regnskapslovenAlminneligRegler;False;False;True;2025-12-31;130308908;-7582289;130405616;15;True
918609830;DEEPINSIGHT AS;46;True;NOK;regnskapslovenAlminneligRegler;True;False;True;2025-12-31;2824896;-14681712;151351878;9;True
934400321;REWIND AS;6;True;NOK;regnskapslovenAlminneligRegler;True;False;False;2025-12-31;2408239;-7460506;20684610;1;False
996878546;INFOBRIC AS;5;True;NOK;regnskapslovenAlminneligRegler;True;False;True;2025-12-31;50407288;5891779;26300541;15;True
913054474;KAN FINANS AS;12;True;NOK;regnskapslovenAlminneligRegler;True;False;True;2025-12-31;19132149;-51175;7169674;12;True
924690496;ADMINKIT AS;16;True;NOK;regnskapslovenAlminneligRegler;True;False;True;2025-12-31;7513685;-15594876;26809435;6;True
920868797;ENTAIL AS;19;True;NOK;regnskapslovenAlminneligRegler;True;False;True;2025-12-31;25034706;576700;14421367;8;True
932052237;STIMLINE WELL INTERVENTION SYSTEMS AS;7;True;NOK;regnskapslovenAlminneligRegler;True;False;True;2025-12-31;15643679;-4517431;25099060;3;True
932435985;BONESHOCK STUDIO AS;11;True;NOK;regnskapslovenAlminneligRegler;True;False;True;2025-12-31;20245;-9888317;9209351;3;True
918714588;FOLQ AS;24;True;NOK;regnskapslovenAlminneligRegler;False;False;True;2025-12-31;287947222;-3823462;75304272;9;True
914490944;ANZYZ TECHNOLOGIES AS;9;True;NOK;regnskapslovenAlminneligRegler;True;False;True;2024-12-31;1737141;-10023888;15026541;10;True
913939840;DIGITAL SAFETY AS;15;True;NOK;regnskapslovenAlminneligRegler;True;False;True;2025-12-31;1191860;1781546;1364769;12;True
913376811;APEX IT AS;14;True;NOK;regnskapslovenAlminneligRegler;True;False;True;2025-12-31;18111544;-13333024;7023767;12;True
926584588;INFRASPACE AS;5;True;NOK;regnskapslovenAlminneligRegler;True;False;True;2025-12-31;1982924;-2276157;4398934;5;True
930456462;IFLOW AS;6;True;NOK;regnskapslovenAlminneligRegler;True;False;True;2025-12-31;6827864;-2086502;541508;3;True
965309926;VITEC HK DATA AS;17;True;NOK;regnskapslovenAlminneligRegler;True;False;True;2025-12-31;24394121;-2238256;6147794;15;True
913821289;LAST MILE AS;31;True;NOK;regnskapslovenAlminneligRegler;True;False;True;2025-12-31;114648690;-5668433;31018300;12;True
924895772;GLINT SOLAR AS;42;True;NOK;regnskapslovenAlminneligRegler;True;False;True;2025-12-31;35891306;-28321639;93239383;6;True
987356731;ISI AS;19;True;NOK;regnskapslovenAlminneligRegler;True;False;True;2025-12-31;16460736;-2220346;17173465;15;True
998927854;ESMART SYSTEMS AS;59;True;NOK;IFRS;False;False;True;2024-12-31;61928000;-105404000;606280000;13;False
930747785;SURFNET AS;5;True;NOK;regnskapslovenAlminneligRegler;True;False;True;2025-12-31;10720650;-3133801;8319506;3;True
917422575;ENTUR AS;439;True;NOK;regnskapslovenAlminneligRegler;False;False;True;2025-12-31;840055398;27311860;711640656;10;True
931706004;SOFTCAP AS;5;True;NOK;regnskapslovenAlminneligRegler;True;False;True;2025-12-31;675000;-152287;2726210;3;True
918744150;FARMFORCE AS;12;True;NOK;regnskapslovenAlminneligRegler;True;False;True;2025-12-31;40733109;-10744780;73875059;9;True
921139047;VOXT AS;5;True;NOK;regnskapslovenAlminneligRegler;True;False;True;2025-12-31;1571720;-2270456;1884806;8;True
989030760;ROCK POCKET AS;7;True;NOK;regnskapslovenAlminneligRegler;True;False;True;2024-12-31;8074953;-481321;2040699;14;True
994250698;PISCADA AS;21;True;NOK;regnskapslovenAlminneligRegler;True;False;True;2025-12-31;82066539;40298938;20979567;15;True
919062223;CUBIT AS;19;True;NOK;regnskapslovenAlminneligRegler;True;False;True;2025-12-31;32943568;-4546284;71469285;9;True
922546592;AEDIL AS;9;True;NOK;regnskapslovenAlminneligRegler;True;False;True;2025-12-31;17431505;8804814;13999422;7;True
913919467;ROCS AS;9;True;NOK;regnskapslovenAlminneligRegler;True;False;True;2025-12-31;23246907;3456650;10556127;12;True
918158073;NORS CARE AS;16;True;NOK;regnskapslovenAlminneligRegler;True;False;True;2025-12-31;8209900;-6403112;8621249;9;True
984794452;PROVENTUS AS;24;True;NOK;regnskapslovenAlminneligRegler;True;False;True;2025-12-31;30588014;-1795968;11342837;15;True
941612474;WEBSTEP AS;360;True;NOK;regnskapslovenAlminneligRegler;False;False;True;2025-12-31;835197130;77436326;449066971;15;True
826455152;ENVISION-IT AS;6;True;NOK;regnskapslovenAlminneligRegler;True;False;True;2025-12-31;6365170;1140352;893923;5;True
930376981;COMPERA AS;6;True;NOK;regnskapslovenAlminneligRegler;True;False;True;2025-12-31;242936;-4101806;6960862;3;True
983453767;ISPAS AS;8;True;NOK;regnskapslovenAlminneligRegler;True;False;True;2025-12-31;23221515;8150718;11840889;15;True
921244746;RETAILHUB AS;6;True;NOK;regnskapslovenAlminneligRegler;True;False;True;2025-12-31;17507830;-73738;9381678;8;True
921337817;REKNES AS;17;True;NOK;regnskapslovenAlminneligRegler;True;False;True;2025-12-31;23645269;1070199;16892001;8;True
914255805;PERSON-AIZ AS;5;True;NOK;regnskapslovenAlminneligRegler;True;False;True;2025-12-31;155665;-10744004;6043103;12;True
985535558;VESPA.AI NORWAY AS;34;True;NOK;regnskapslovenAlminneligRegler;True;False;True;2025-12-31;142383837;-4487649;187427112;15;True
920774911;AURORA SYSTEMS AS;7;True;NOK;regnskapslovenAlminneligRegler;True;False;True;2025-12-31;7352951;549109;4293736;8;True
927302942;CONSID AS;41;True;NOK;regnskapslovenAlminneligRegler;True;True;True;2025-12-31;79639350;3900067;24048024;5;False
987493453;CCOM AS;17;True;NOK;regnskapslovenAlminneligRegler;True;False;True;2025-12-31;23105016;-10359123;42991967;15;True
936254594;CELESTE SYSTEMS AS;6;True;NOK;regnskapslovenAlminneligRegler;True;False;True;2025-12-31;;-687203;4190550;1;True
999039529;HYPER GAMES AS;13;True;NOK;regnskapslovenAlminneligRegler;True;False;True;2025-12-31;18065206;1738615;7134896;14;True
980712567;ITEM CONSULTING AS;25;True;NOK;regnskapslovenAlminneligRegler;True;False;True;2025-12-31;42563420;-2685447;17042640;15;True
883759702;FDVHUSET AS;21;True;NOK;regnskapslovenAlminneligRegler;True;False;True;2025-12-31;40122302;6997080;31228537;15;True
933203336;PROSPER AI AS;5;True;NOK;regnskapslovenAlminneligRegler;True;False;True;2025-12-31;2113954;318605;8369079;2;True
927654334;PODIMO NORWAY AS;17;True;NOK;regnskapslovenAlminneligRegler;True;False;True;2025-12-31;19365174;806973;9859727;5;True
913077369;7SENSE TECHNOLOGIES AS;8;True;NOK;regnskapslovenAlminneligRegler;True;False;True;2025-12-31;11062404;700587;5085546;12;True
920340350;HITACHI RAIL NORWAY AS;49;True;NOK;forenkletAnvendelseIFRS;False;False;False;2025-03-31;91692000;3319000;765250000;7;False
928781593;MUYBRIDGE AS;32;True;NOK;regnskapslovenAlminneligRegler;True;False;True;2025-12-31;7918504;-46499966;26538853;4;True
995215748;EPINOVA AS;93;True;NOK;regnskapslovenAlminneligRegler;False;False;True;2025-12-31;239606649;30141460;90624273;15;True
919664886;GLOBUS AI AS;5;True;NOK;regnskapslovenAlminneligRegler;True;False;True;2025-12-31;10673456;-1550096;33814028;9;True
988669695;AGENS AS;49;True;NOK;regnskapslovenAlminneligRegler;True;False;True;2025-12-31;87909074;9867444;74024478;15;True
926312537;PROPR AS;12;True;NOK;regnskapslovenAlminneligRegler;True;False;True;2025-12-31;39239647;9850204;14493089;6;True
921437609;LUDENSO AS;13;True;NOK;regnskapslovenAlminneligRegler;True;False;True;2025-12-31;7862502;151524;8870241;8;True
923780890;PROTENCON AS;22;True;NOK;regnskapslovenAlminneligRegler;True;False;True;2025-12-31;12586169;-5865502;24329235;7;True
933432165;SCHIBSTED MEDIA PRODUCTS & TECHNOLOGY AS;140;True;NOK;regnskapslovenAlminneligRegler;False;False;True;2025-12-31;1052412000;-100908000;637317000;2;True
924293438;AGRILOGG AS;6;True;NOK;regnskapslovenAlminneligRegler;True;False;True;2025-12-31;8470791;747288;1898019;7;True
922607923;SKYTECH CONTROL AS;17;True;NOK;regnskapslovenAlminneligRegler;True;False;True;2025-12-31;21130835;-19892483;55567586;7;True
927002183;RUNWELL AS;5;True;NOK;regnskapslovenAlminneligRegler;True;False;True;2025-12-31;3531971;-779544;19360402;5;True
997780973;MYKID AS;8;True;NOK;regnskapslovenAlminneligRegler;True;False;True;2025-12-31;28460026;12440840;23387306;14;True
912787281;PREMAS AS;12;True;NOK;regnskapslovenAlminneligRegler;True;False;True;2025-12-31;21244218;3532751;16290871;12;True
981693302;DEADLINE2ONLINE AS;7;True;NOK;regnskapslovenAlminneligRegler;True;False;True;2025-12-31;56038054;12665643;79881032;15;True
932758261;REVIVER AS;6;True;NOK;regnskapslovenAlminneligRegler;True;False;True;2025-12-31;1091330;-2388506;19033542;3;True
998850371;APLIA AS;22;True;NOK;regnskapslovenAlminneligRegler;True;False;True;2025-12-31;19281580;657672;4936686;14;True
991831436;SOLVER NORWAY AS;12;True;NOK;regnskapslovenAlminneligRegler;True;False;True;2025-12-31;29951769;4246371;23255185;15;True
921192622;NORSE FEEDBACK AS;11;True;NOK;regnskapslovenAlminneligRegler;True;False;True;2025-12-31;18042504;-827105;7922591;8;True
934836286;INVERA CONSTRUCTION AS;28;True;NOK;forenkletAnvendelseIFRS;False;False;True;2025-12-31;117052798;51685053;135108033;1;False
920855970;MARITIME OPTIMA AS;31;True;NOK;regnskapslovenAlminneligRegler;True;False;True;2025-12-31;9489275;-22973157;52038367;8;True
931103849;HAVGUARD AS;8;True;NOK;regnskapslovenAlminneligRegler;True;False;True;2025-12-31;12387816;3671972;6101785;3;True
982396999;CONEXUS AS;17;True;NOK;regnskapslovenAlminneligRegler;True;False;True;2025-12-31;63347292;5429812;70354491;15;True
984066910;LINK MOBILITY GROUP AS;58;True;NOK;regnskapslovenAlminneligRegler;False;False;True;2025-12-31;398171239;-119632624;7012223409;15;True
926707388;LLOYD'S REGISTER VOYAGE AS;16;True;NOK;regnskapslovenAlminneligRegler;True;False;False;2025-06-30;131455605;32041031;114595914;4;False
920998704;ETAIN AS;10;True;NOK;regnskapslovenAlminneligRegler;True;False;True;2025-12-31;6177106;-8950909;4402227;8;True
919041021;NEONOMICS AS;17;True;NOK;regnskapslovenAlminneligRegler;True;False;True;2025-12-31;10919403;-70018863;117793912;9;True
933458393;TERKI AS;6;True;NOK;regnskapslovenAlminneligRegler;True;False;True;2025-12-31;10354442;2019306;4802077;2;True
918166769;BREACH AS;28;True;NOK;regnskapslovenAlminneligRegler;True;False;True;2025-12-31;80198996;38417636;77775914;9;True
929917316;SB TECH AS;5;True;NOK;regnskapslovenAlminneligRegler;True;False;True;2025-12-31;7730487;541247;9133209;4;True
833663852;NUTO AS;6;True;NOK;regnskapslovenAlminneligRegler;True;False;True;2025-12-31;321112;-309327;477313;2;True
995743566;NOA IGNITE AS;119;True;NOK;regnskapslovenAlminneligRegler;False;False;True;2025-12-31;251828329;8949332;103617756;15;True
915979025;WITTARIO AS;20;True;NOK;regnskapslovenAlminneligRegler;True;False;True;2025-12-31;7984789;-4981039;40024938;10;True
991543732;GURUSOFT AS;49;True;NOK;regnskapslovenAlminneligRegler;True;False;True;2025-12-31;63385778;4055769;20630273;15;True
933876179;AIMZ AS;6;True;NOK;regnskapslovenAlminneligRegler;True;False;True;2025-12-31;1342332;-649473;3606157;2;True
925772364;ROADGUARD AS;12;True;NOK;regnskapslovenAlminneligRegler;True;False;True;2025-12-31;12391468;-5860101;15155282;6;True
